"order_id","order_date","order_priority","order_quantity","order_status","payment_method","product_name","product_category","product_sub_category","unit_price","unit_cost","discount","shipping_address","shipping_method","ship_date","ship_mode","packaging","shipping_cost","region","city","zip_code","ratings","customer_segment","customer_name","customer_age","email","phone","gender","income"
21774,"2024-08-30","Low",6,"Received","Cash","SoftRelax Cabinet","Home","Furniture","751.59","671.86","0.18","164 Brock Spur, Mendozafurt, MD 84548","Same-Day","2024-09-04","Air (Post)","Box Large","23.26","North","Lake Phillip",72625,NULL,"Home Office","Leah Lozano",45,"leah.lozano@hotmail.com","(291)770-5703x29204","Male","126026.13"
24166,"2025-03-06","Medium",10,"Received","Cash","ZenBook Pro","Electronics","Laptops","1041.30","749.18","0.45","402 Aaron Club, Stephensshire, CO 51681","Express","2025-03-09","Air (Post)","Box Large","16.43","North","Brownview",46897,NULL,"Small Business","Tonya Coleman",31,"tonya.coleman@outlook.com","538.777.0299x1274","Female","60049.27"
21321,"2024-07-26","Low",4,"Received","Cash","SoftRelax Chair","Home","Furniture","867.23","456.68","0.28","357 Welch Branch Apt. 630, North Meganstad, SC 62946","Express","2024-08-04","Air (Post)","Box Large","16.45","West","New Mary",20302,4,"Corporate","Claudia Grant",68,"claudia.grant@gmail.com","260.378.4840x614","Male","47147.51"
22003,"2024-09-16","Medium",5,"Received","Cash","TrailBlazer Tent","Sports","Outdoor","382.80","318.46","0.16","USS Price, FPO AA 04728","Express","2024-10-12","Air (Post)","Box Large","24.32","Central","Glovershire",99746,5,"Corporate","Shirley Hall",24,"shirley.hall@hotmail.com","(322)446-7278x85825","Female","133001.17"
25021,"2025-05-12","Low",10,"Shipped","Cash","Spectra Infinity","Electronics","Laptops","2558.65","1541.99","0.49","07817 Melissa Mission, Wendyfurt, PA 45045","Ordinary","2025-05-13","Ground","Box Large","43.01","East","Abbottland",90091,NULL,"Small Business","Barbara Meadows",61,"barbara.meadows@gmail.com","(702)818-2147x1772","Male","95027.90"
22427,"2024-10-22","Low",3,"Received","Cash","ProShot Ball","Sports","Indoor","251.83","152.37","0.11","80589 Corey Bypass, Port Andrea, CO 80289","Express","2024-10-25","Ground","Box Large","34.41","South","Kelliview",66568,NULL,"Small Business","Rebecca Gill",53,"rebecca.gill@gmail.com","819-229-8561x2180","Male","61335.67"
23869,"2025-02-12","Medium",1,"Received","Cash","SurfaceBook Ultra","Electronics","Laptops","2184.62","1758.23","0.24","93940 Haney Plain, Johnsonfurt, OK 40707","Ordinary","2025-02-14","Air (Post)","Box Large","22.95","North","Mitchellfurt",26873,NULL,"Consumer","Alyssa Holmes",54,"alyssa.holmes@yahoo.com","001-408-702-7644x713","Male","100595.87"
22692,"2024-11-11","Urgent",5,"Received","Cash","Breeze Pants","Clothing","Men","46.35","40.59","0.03","7930 Lisa Via Apt. 778, North Kimberlymouth, TX 55134","Express","2024-11-28","Air (Freight)","Box Large","26.11","East","New Kathy",75027,4,"Consumer","Ruth Perkins",39,"ruth.perkins@outlook.com","001-701-204-8428x909","Female","103805.53"
22910,"2024-11-29","Urgent",5,"Received","Cash","Nikon Alpha","Electronics","Cameras","1429.27","981.11","0.05","50681 Wood Haven Suite 444, South Michelleton, MP 83134","Express","2024-12-29","Ground","Box Medium","42.95","Central","West Michelle",92088,NULL,"Small Business","Alicia Perez",45,"alicia.perez@gmail.com","943-626-6764","Female","34257.28"
21126,"2024-07-08","Critical",9,"Received","Cash","Ricoh TrailCam","Electronics","Cameras","1411.06","951.81","0.33","24808 James Road Suite 643, Torresville, UT 98573","Same-Day","2024-07-23","Air (Freight)","Box Large","22.94","West","Port Carolhaven",56131,1,"Home Office","Holly Smith",60,"holly.smith@outlook.com","623.453.5190x757","Male","70119.41"
22844,"2024-11-24","Critical",1,"Received","Cash","HomeAura Diffuser","Home","Decor","194.01","165.04","0.12","3159 Werner Branch Apt. 701, East Heathershire, MI 53586","Same-Day","2024-11-27","Air (Post)","Box Large","6.38","South","North Erikachester",2431,NULL,"Home Office","Mrs. Sharon Thomas MD",25,"mrs..sharon.thomas.md@outlook.com","+1-256-959-1533x62206","Female","88350.87"
24462,"2025-03-28","Low",3,"Received","Cash","SunShield Poncho","Sports","Outdoor","480.06","399.14","0.30","006 Hernandez Ports, Lake Robert, WV 61219","Express","2025-03-29","Air (Post)","Box Large","42.73","South","Christinaview",77084,3,"Home Office","Marissa Espinoza",59,"marissa.espinoza@example.com","001-977-375-7832","Male","102443.27"
20255,"2024-04-30","Critical",10,"Received","Cash","Spectra Pro","Electronics","Laptops","1580.86","1074.71","0.16","758 Fuentes Ports, Samuelborough, MT 38380","Same-Day","2024-05-26","Ground","Box Large","32.29","North","Hamiltonborough",62188,1,"Small Business","Brooke Peters",49,"brooke.peters@hotmail.com","8542182837","Female","118569.90"
22245,"2024-10-07","Critical",5,"Received","Cash","StaminaCore Kettlebell","Sports","Fitness","124.85","107.20","0.28","105 Nicole Cape Apt. 684, Amberville, OR 31659","Ordinary","2024-10-27","Air (Post)","Box Large","30.94","South","Elizabethfurt",13936,NULL,"Corporate","Gabrielle Gutierrez",53,"gabrielle.gutierrez@gmail.com","+1-297-700-9829x4606","Female","48732.65"
22698,"2024-11-12","Urgent",2,"Received","Cash","UrbanLine Cardigan","Clothing","Women","29.15","20.96","0.40","76583 Woods Shores Apt. 303, Kingstad, NE 24607","Same-Day","2024-12-06","Ground","Box Large","22.35","East","New Brianna",9736,2,"Corporate","Amy Andrews",61,"amy.andrews@yahoo.com","(676)586-7862","Male","137117.48"
20763,"2024-06-09","High",5,"Received","Cash","Floral Jacket","Clothing","Women","113.31","77.42","0.02","34773 Hurst Brook Apt. 114, Lake Scott, AK 08581","Express","2024-06-12","Air (Post)","Box Large","17.70","South","Aprilbury",62014,NULL,"Home Office","Laura Ward",18,"laura.ward@outlook.com","479.525.5640","Female","123402.40"
20541,"2024-05-23","Medium",9,"Received","Cash","ProShot TennisSet","Sports","Indoor","302.01","255.92","0.28","88514 Carroll Key, Annaport, VT 10062","Express","2024-06-11","Air (Freight)","Box Large","35.13","Central","North Joshua",66143,NULL,"Corporate","Jane Reynolds",18,"jane.reynolds@gmail.com","9766034273","Female","87155.40"
24794,"2025-04-26","Urgent",7,"Shipped","Cash","HappyBear Shorts","Clothing","Kids","60.29","36.80","0.31","2629 Williams Overpass, Michellehaven, NV 39832","Same-Day","2025-04-28","Air (Freight)","Box Small","14.50","North","Port Amy",8530,NULL,"Consumer","Sharon Hendrix",53,"sharon.hendrix@outlook.com","(792)804-2992","Male","102704.53"
23559,"2025-01-21","Medium",8,"Received","Cash","ComfortHome Stool","Home","Furniture","940.87","771.86","0.44","83946 Charles Neck, Smithview, GA 05373","Ordinary","2025-02-09","Ground","Box Large","33.40","North","Reevesborough",56208,NULL,"Small Business","Sharon Matthews",68,"sharon.matthews@outlook.com","(249)900-6044","Male","113764.65"
24156,"2025-03-05","Low",5,"Received","Cash","StaminaCore Stepper","Sports","Fitness","129.07","97.12","0.26","215 Regina Vista Suite 146, Robertsmouth, OR 68994","Express","2025-03-21","Air (Freight)","Box Medium","22.57","East","Weaverland",47256,NULL,"Corporate","Eileen Jefferson",25,"eileen.jefferson@gmail.com","(638)391-8641","Male","131791.43"
22087,"2024-09-23","Urgent",10,"Received","Cash","SilentStep Treadmill","Sports","Indoor","252.85","200.58","0.20","09305 Schmidt Radial Apt. 488, South Michaelberg, ME 41633","Ordinary","2024-10-19","Ground","Box Large","42.82","West","Mendezmouth",14190,NULL,"Small Business","Darlene Lamb",42,"darlene.lamb@example.com","001-897-956-1740x705","Female","57574.22"
23929,"2025-02-16","Medium",5,"Received","Cash","SilentStep Treadmill","Sports","Indoor","251.21","200.80","0.27","45011 Nguyen Parks Apt. 218, North Tracy, LA 66747","Ordinary","2025-03-09","Ground","Box Large","41.97","East","Port Thomaston",52063,NULL,"Small Business","Kara Mckee",57,"kara.mckee@outlook.com","+1-574-722-1540","Female","86338.43"
21638,"2024-08-19","Medium",1,"Received","Cash","FlexiWork Table","Home","Furniture","895.36","565.46","0.44","71313 Jacob Common Apt. 837, East Carl, WV 72326","Express","2024-08-28","Ground","Box Large","30.52","Central","Reedhaven",26356,NULL,"Small Business","Kathleen Nicholson",69,"kathleen.nicholson@gmail.com","(423)814-0305","Female","100575.21"
23634,"2025-01-26","Urgent",8,"Received","Cash","GoPro FotoMark","Electronics","Cameras","1019.02","594.85","0.43","3822 Bailey Burg, West Nancy, ND 02359","Same-Day","2025-01-27","Air (Freight)","Box Large","20.79","East","West Kimberly",42220,4,"Corporate","Donna Marshall",45,"donna.marshall@yahoo.com","001-789-919-5150x3517","Female","138228.20"
23313,"2025-01-02","Urgent",3,"Received","Cash","StaminaCore Barbell","Sports","Fitness","139.84","77.53","0.24","614 Ashley Forge Apt. 267, Annfort, MA 00745","Express","2025-01-05","Air (Post)","Box Large","35.36","East","Davisville",39143,4,"Consumer","Nichole Ramirez",19,"nichole.ramirez@gmail.com","+1-917-580-1148x50337","Female","86614.38"
25233,"2025-05-30","Urgent",10,"Pending Payment","Cash","SilkElegance Jacket","Clothing","Women","60.79","53.39","0.19","22862 Ronald Trail, Matthewhaven, AL 32347","Express","2025-06-18","Air (Post)","Box Large","47.29","West","Lake Alextown",60556,NULL,"Home Office","Amy Alexander",31,"amy.alexander@gmail.com","339-238-5687x127","Male","33313.02"
20208,"2024-04-26","Urgent",9,"Received","Cash","HomeGym TennisSet","Sports","Indoor","167.83","105.90","0.11","9315 Tiffany Radial, West Lauraport, FM 65393","Express","2024-05-18","Air (Post)","Box Large","27.15","South","Lake Cynthia",32774,NULL,"Home Office","Elizabeth Sanchez",64,"elizabeth.sanchez@yahoo.com","917.615.1868x4614","Male","103715.82"
20964,"2024-06-25","Urgent",9,"Received","Cash","Breeze Shirt","Clothing","Men","33.30","24.77","0.30","4359 Russell Prairie Apt. 208, New Tanya, AK 25403","Same-Day","2024-07-14","Air (Freight)","Box Large","9.25","North","New Ashley",65313,NULL,"Home Office","Kristin Richardson",58,"kristin.richardson@yahoo.com","4523509824","Male","128550.92"
24608,"2025-04-10","Medium",1,"Shipped","Cash","AmbientGlow Cushion","Home","Decor","162.84","145.38","0.22","908 Ashley Burgs Apt. 220, Heathermouth, HI 62405","Ordinary","2025-04-27","Air (Freight)","Box Large","24.62","West","Nathanielshire",70553,NULL,"Consumer","Elizabeth Davenport",20,"elizabeth.davenport@gmail.com","6268616914","Male","147409.49"
20912,"2024-06-21","Low",8,"Received","Cash","TrailBlazer Jacket","Sports","Outdoor","387.41","283.78","0.05","016 Margaret Trail Suite 883, Solomontown, UT 03909","Express","2024-07-06","Ground","Box Large","16.94","East","Jamesfort",11476,NULL,"Home Office","Miss Amber Hendricks",47,"miss.amber.hendricks@yahoo.com","+1-285-934-6959x52803","Female","42639.94"
23945,"2025-02-17","Urgent",3,"Received","Cash","HappyBear Jeans","Clothing","Kids","49.34","41.02","0.37","Unit 3418 Box 5761, DPO AP 94392","Same-Day","2025-03-18","Ground","Envelope Small","29.58","Central","West Melissamouth",42453,NULL,"Corporate","Ana Stewart DDS",25,"ana.stewart.dds@example.com","001-548-967-5769x385","Female","49267.09"
21855,"2024-09-05","Critical",7,"Received","Cash","Floral Skirt","Clothing","Women","101.70","71.72","0.40","PSC 2078, Box 8323, APO AA 02511","Ordinary","2024-09-23","Air (Post)","Box Large","42.51","East","Port Amberstad",37505,5,"Corporate","Amy Snyder",48,"amy.snyder@outlook.com","(207)780-1112","Male","87193.34"
21331,"2024-07-27","Low",4,"Received","Cash","GymMaster Stepper","Sports","Fitness","126.59","79.39","0.36","23419 Brennan Fords Apt. 515, Chandlermouth, CO 90494","Express","2024-08-04","Air (Freight)","Box Large","24.54","West","South Megantown",78312,NULL,"Home Office","Sarah Herrera",70,"sarah.herrera@example.com","001-419-414-5753x99645","Male","55203.56"
23413,"2025-01-09","Medium",7,"Received","Cash","FlexiWork Table","Home","Furniture","1150.06","772.55","0.48","52946 Jones Fields Suite 016, Mariaview, WI 32730","Express","2025-01-16","Air (Post)","Box Large","16.12","Central","Morrisonport",50157,NULL,"Small Business","Jillian Martin",28,"jillian.martin@example.com","001-854-611-0271x599","Male","58683.49"
23431,"2025-01-11","Critical",6,"Received","Cash","ThinkBook Ultra","Electronics","Laptops","1995.16","1663.86","0.10","55491 Rodriguez Skyway, South Keith, MN 45842","Express","2025-01-29","Air (Post)","Box Large","36.97","East","Lindseyport",45136,NULL,"Consumer","Rachel Hess",56,"rachel.hess@yahoo.com","(344)307-4268x203","Female","118901.80"
24159,"2025-03-05","Urgent",6,"Shipped","Cash","SatinLuxe Jacket","Clothing","Women","75.84","64.53","0.36","47709 Turner Shoals Suite 998, New Dawn, FL 75729","Same-Day","2025-04-03","Air (Freight)","Box Large","38.12","South","Chadbury",26800,NULL,"Consumer","Marie Walker",44,"marie.walker@example.com","(896)938-7312","Female","133699.23"
23455,"2025-01-12","Medium",7,"Received","Cash","HomeGym Ball","Sports","Indoor","179.82","108.01","0.49","PSC 6380, Box 7989, APO AA 76952","Same-Day","2025-01-15","Ground","Box Large","7.81","Central","Garciaburgh",91135,1,"Corporate","Miss Nicole Bryant",43,"miss.nicole.bryant@outlook.com","9045824255","Female","90595.37"
24254,"2025-03-12","Critical",4,"Shipped","Cash","Xperia X","Electronics","Mobile Phones","687.08","554.73","0.47","827 William Plains, North Sandra, NV 66722","Ordinary","2025-04-06","Air (Post)","Box Large","37.19","Central","Davisbury",47078,NULL,"Small Business","Cynthia Clarke",48,"cynthia.clarke@example.com","703-544-2817","Female","117074.74"
23246,"2024-12-28","Low",10,"Received","Cash","Ricoh ProShot","Electronics","Cameras","743.09","546.02","0.49","444 Kramer Center, New Alexisview, IN 76893","Ordinary","2025-01-20","Ground","Box Large","14.72","West","Alanbury",55355,NULL,"Corporate","Allison Watson",18,"allison.watson@hotmail.com","319.859.5916x6946","Male","126144.96"
24665,"2025-04-15","Medium",2,"Shipped","Cash","Nokia Nova","Electronics","Mobile Phones","1058.18","796.28","0.20","58169 Daryl Turnpike, Taylorborough, AL 38683","Same-Day","2025-04-30","Ground","Box Large","9.13","Central","South Dennis",63231,NULL,"Consumer","Amy Levine",34,"amy.levine@example.com","440-713-0279","Male","130606.95"
21647,"2024-08-19","Urgent",10,"Received","Cash","ChefMaster Tray","Home","Kitchen","138.48","96.55","0.32","5029 Monica Path Suite 321, Dorothyside, MN 43697","Express","2024-09-10","Air (Freight)","Box Large","31.84","Central","New Lauren",57067,NULL,"Consumer","Stephanie Johnson MD",18,"stephanie.johnson.md@gmail.com","(241)802-8474","Male","79298.65"
24159,"2025-03-05","Urgent",1,"Shipped","Cash","NitroBlade Studio","Electronics","Laptops","1340.05","877.47","0.13","47709 Turner Shoals Suite 998, New Dawn, FL 75729","Same-Day","2025-04-03","Air (Freight)","Box Large","38.12","South","Chadbury",26800,NULL,"Consumer","Marie Walker",44,"marie.walker@example.com","(896)938-7312","Female","133699.23"
20474,"2024-05-18","Medium",2,"Received","Cash","SunShield Stove","Sports","Outdoor","385.01","287.77","0.06","885 Michael Knoll Apt. 861, Velazquezview, SC 47443","Same-Day","2024-06-01","Ground","Box Large","39.98","East","Lake Michellemouth",48591,3,"Small Business","Karen Wilkinson",42,"karen.wilkinson@gmail.com","+1-569-336-4014x8947","Female","54456.22"
23634,"2025-01-26","Urgent",1,"Received","Cash","CardioMax Rope","Sports","Fitness","162.22","145.36","0.08","3822 Bailey Burg, West Nancy, ND 02359","Same-Day","2025-01-27","Air (Freight)","Box Large","20.79","East","West Kimberly",42220,NULL,"Corporate","Donna Marshall",45,"donna.marshall@yahoo.com","001-789-919-5150x3517","Female","138228.20"
21931,"2024-09-11","Low",2,"Received","Cash","LittleStar Shoes","Clothing","Kids","36.10","19.12","0.14","755 Powell River, Port David, UT 25169","Same-Day","2024-09-22","Air (Post)","Box Large","35.45","Central","Benjaminfurt",77183,NULL,"Consumer","Kellie Lee",18,"kellie.lee@example.com","366-302-9444","Female","116668.47"
24405,"2025-03-24","Medium",2,"Shipped","Cash","Galaxy Prime","Electronics","Mobile Phones","926.70","645.01","0.29","1071 Maria Mountains, Lake Richard, WY 52233","Express","2025-04-12","Air (Freight)","Box Large","16.71","North","Derrickburgh",16351,NULL,"Consumer","Melissa Fernandez",22,"melissa.fernandez@hotmail.com","680.751.0196","Male","61420.42"
23294,"2024-12-31","Medium",9,"Received","Cash","GreenLeaf Cushion","Home","Decor","258.33","186.81","0.49","4981 Kevin Fords, Bruceside, AS 02744","Express","2025-01-03","Air (Freight)","Box Large","12.33","West","Christopherland",27209,5,"Home Office","Briana Sanders",42,"briana.sanders@outlook.com","001-251-716-5145x221","Male","51200.19"
22594,"2024-11-04","Medium",8,"Received","Cash","PureOak Cabinet","Home","Furniture","1081.72","906.47","0.32","Unit 7939 Box 8350, DPO AA 53310","Express","2024-11-19","Air (Post)","Box Large","16.08","West","Powellton",67555,1,"Home Office","Kristina Price",18,"kristina.price@hotmail.com","001-913-547-4181","Female","148108.76"
24846,"2025-04-30","Low",3,"Shipped","Cash","HomeAura Cushion","Home","Decor","128.21","100.05","0.23","1024 Johnson Creek Apt. 413, Briannahaven, OK 53813","Ordinary","2025-05-13","Air (Freight)","Box Large","39.69","North","East Frankshire",81278,NULL,"Consumer","Sandra Martin",49,"sandra.martin@outlook.com","723-745-3726x8714","Male","145844.23"
21372,"2024-07-29","Critical",3,"Received","Cash","UrbanFit Jeans","Clothing","Men","74.44","52.07","0.25","78281 Yvette Squares, East Jennifer, NC 24767","Same-Day","2024-08-26","Ground","Box Large","31.26","North","Port Jeffrey",88988,NULL,"Small Business","Brenda Davenport",26,"brenda.davenport@example.com","+1-878-497-6208x3093","Female","126572.10"
22289,"2024-10-11","Urgent",6,"Received","Cash","OnePlus S","Electronics","Mobile Phones","803.23","543.83","0.33","965 Kathy Street, Port Denise, AR 46761","Ordinary","2024-11-06","Air (Post)","Box Large","49.55","North","Potterborough",13982,NULL,"Consumer","Allison Payne",39,"allison.payne@example.com","929.377.0669x8736","Male","88598.36"
21038,"2024-07-01","High",8,"Received","Cash","SteelChef Pan","Home","Kitchen","202.96","157.43","0.47","443 Julia Glens, Tannerburgh, GA 18547","Ordinary","2024-07-06","Ground","Box Large","46.17","East","Farmertown",26095,NULL,"Home Office","Pamela Juarez",28,"pamela.juarez@example.com","001-900-638-9062x991","Male","126857.14"
22502,"2024-10-28","Critical",6,"Received","Cash","FlexiWork Stool","Home","Furniture","817.06","575.43","0.09","616 Alec Stravenue, West Tracyshire, NV 28276","Ordinary","2024-11-18","Air (Post)","Box Large","48.57","East","Blaketon",82872,NULL,"Small Business","Melinda Kelly",25,"melinda.kelly@gmail.com","+1-766-757-9223x58477","Male","83321.54"
20919,"2024-06-22","Urgent",8,"Received","Cash","Xperia Pro","Electronics","Mobile Phones","1036.56","610.56","0.11","328 Charles Stravenue, South Kelsey, NJ 32615","Ordinary","2024-07-10","Air (Post)","Box Large","14.68","East","North James",42151,NULL,"Small Business","Joanna Miller",55,"joanna.miller@gmail.com","972.704.9267","Male","67478.71"
24464,"2025-03-28","Urgent",9,"Shipped","Cash","StrikeForce Bike","Sports","Indoor","154.51","92.37","0.02","75101 Rose Fork Apt. 161, Lake Natalie, LA 93634","Express","2025-04-22","Air (Freight)","Box Large","35.73","Central","Lake Cheyennefurt",63462,NULL,"Home Office","Mary Butler",19,"mary.butler@outlook.com","673.902.4542","Male","44129.31"
25094,"2025-05-18","High",2,"Stocking","Cash","CampPro Bag","Sports","Outdoor","800.00","531.53","0.33","885 Moore Track, Elliottville, NE 61845","Express","2025-06-17","Ground","Box Large","23.09","South","Lake Ashley",73491,NULL,"Consumer","Karen Glass",58,"karen.glass@hotmail.com","(958)428-8826x17464","Male","90253.25"
24846,"2025-04-30","Low",4,"Shipped","Cash","EverTrack Backpack","Sports","Outdoor","466.82","354.45","0.15","1024 Johnson Creek Apt. 413, Briannahaven, OK 53813","Ordinary","2025-05-13","Air (Freight)","Box Large","39.69","North","East Frankshire",81278,NULL,"Consumer","Sandra Martin",49,"sandra.martin@outlook.com","723-745-3726x8714","Male","145844.23"
23257,"2024-12-29","Critical",4,"Received","Cash","CozyNest Plant","Home","Decor","269.56","177.43","0.34","PSC 5969, Box 5436, APO AA 97224","Express","2025-01-12","Air (Post)","Box Large","26.91","West","Staceymouth",27582,NULL,"Small Business","Catherine Lowery",70,"catherine.lowery@example.com","001-203-807-2938x9621","Female","81940.09"
24608,"2025-04-10","Medium",1,"Shipped","Cash","PowerDrive Kettlebell","Sports","Fitness","211.75","138.25","0.47","908 Ashley Burgs Apt. 220, Heathermouth, HI 62405","Ordinary","2025-04-27","Air (Freight)","Box Large","24.62","West","Nathanielshire",70553,NULL,"Consumer","Elizabeth Davenport",20,"elizabeth.davenport@gmail.com","6268616914","Male","147409.49"
21929,"2024-09-11","High",5,"Received","Cash","ZenPhone Pro","Electronics","Mobile Phones","1292.16","781.41","0.42","9665 Shelby Mills Suite 517, Harrismouth, VI 79660","Ordinary","2024-10-07","Ground","Box Large","40.11","Central","East Angelamouth",7583,NULL,"Small Business","Jessica Smith",41,"jessica.smith@example.com","+1-908-729-3953x4385","Male","103219.59"
23322,"2025-01-03","Critical",7,"Received","Cash","SoftRelax Shelf","Home","Furniture","715.46","520.25","0.12","962 Love Junction Apt. 322, Michelleton, OK 89270","Same-Day","2025-01-08","Air (Freight)","Box Large","30.43","West","North Katieberg",91500,NULL,"Small Business","Sandra Booker",55,"sandra.booker@outlook.com","(373)325-3724x5866","Male","96835.58"
21755,"2024-08-29","High",4,"Received","Cash","AquaSport Poncho","Sports","Outdoor","541.71","393.36","0.18","79455 Jill Road Apt. 071, South Kara, LA 15712","Express","2024-09-17","Ground","Box Large","11.66","East","Camposmouth",90542,NULL,"Consumer","Isabel Cunningham",31,"isabel.cunningham@hotmail.com","+1-768-399-1487x84021","Female","54161.28"
20530,"2024-05-22","Medium",8,"Received","Cash","NitroBlade Ultra","Electronics","Laptops","2051.87","1252.73","0.32","927 Hoffman Island, West Luisport, WY 87841","Same-Day","2024-06-16","Air (Post)","Box Large","30.98","South","Michaelport",10194,NULL,"Home Office","Nicole Massey",48,"nicole.massey@outlook.com","(894)210-0154x40554","Female","84141.34"
25076,"2025-05-17","Low",2,"Pending Payment","Cash","Lumix FocusX","Electronics","Cameras","1093.87","628.09","0.46","7043 Olivia Groves, North Josephtown, IL 39439","Ordinary","2025-06-09","Ground","Box Large","35.21","South","East Mckenzie",16847,NULL,"Corporate","Nicole Castro",23,"nicole.castro@example.com","001-656-584-8507","Male","69589.77"
24528,"2025-04-02","Critical",6,"Shipped","Cash","CardioMax Band","Sports","Fitness","187.81","162.58","0.38","6868 Anthony Row, Thomasstad, MH 08847","Ordinary","2025-04-12","Air (Post)","Box Large","30.10","West","Hoffmanberg",79082,NULL,"Home Office","Teresa Carter",59,"teresa.carter@hotmail.com","6922349043","Female","114508.93"
23662,"2025-01-28","High",4,"Received","Cash","Rainbow Hoodie","Clothing","Kids","50.31","36.87","0.29","376 Peterson Alley Suite 912, Patricialand, PA 17508","Same-Day","2025-02-05","Air (Freight)","Box Large","40.78","Central","Cortezburgh",31083,NULL,"Consumer","Stephanie Brooks",35,"stephanie.brooks@yahoo.com","629.636.3913","Male","103513.68"
24713,"2025-04-19","Low",7,"Shipped","Cash","StaminaCore Band","Sports","Fitness","153.01","121.39","0.05","491 Joshua Bypass, North Robertville, UT 70541","Express","2025-05-12","Ground","Box Medium","43.56","East","Andrewburgh",34967,NULL,"Corporate","Julia Brown",70,"julia.brown@yahoo.com","001-733-812-2498x88416","Male","105460.83"
21611,"2024-08-17","High",10,"Received","Cash","Sony Rapid","Electronics","Cameras","1614.67","921.07","0.23","PSC 3570, Box 8789, APO AP 17171","Ordinary","2024-09-07","Air (Post)","Box Medium","26.32","East","Port Melissa",10842,NULL,"Small Business","Tiffany Miller",66,"tiffany.miller@outlook.com","916-702-5962","Male","53506.25"
21637,"2024-08-19","High",5,"Received","Cash","ChefMaster Juicer","Home","Kitchen","66.26","53.95","0.00","PSC 0097, Box 3101, APO AA 55813","Express","2024-08-28","Air (Freight)","Box Large","49.26","West","Erinberg",81073,NULL,"Consumer","Savannah Deleon",42,"savannah.deleon@outlook.com","2215491188","Female","74343.61"
21977,"2024-09-15","Low",3,"Received","Cash","DeepBlue Hoodie","Clothing","Men","69.21","54.79","0.03","6225 James Port Apt. 347, Millsland, FM 37347","Same-Day","2024-09-29","Air (Freight)","Box Medium","11.10","North","Lake Jacobville",85998,NULL,"Consumer","Sharon Jackson",29,"sharon.jackson@yahoo.com","(832)511-8115x227","Female","50273.03"
20692,"2024-06-04","Urgent",1,"Received","Cash","Classic Jeans","Clothing","Men","55.96","28.08","0.19","19428 Ramirez Station, South David, MI 28425","Express","2024-06-16","Air (Post)","Box Large","22.05","East","Cherylville",27431,NULL,"Consumer","Laura Ramirez",29,"laura.ramirez@yahoo.com","(656)439-6910x969","Female","143827.56"
21652,"2024-08-19","Low",10,"Received","Cash","NitroBlade Ultra","Electronics","Laptops","2116.90","1680.03","0.25","58954 Fox Club, Joanstad, WY 36304","Ordinary","2024-09-01","Ground","Box Large","27.44","South","Davidside",54922,NULL,"Corporate","Amy Brown",66,"amy.brown@outlook.com","624.370.5979","Male","83606.61"
20337,"2024-05-06","Urgent",2,"Received","Cash","Lumix TrailCam","Electronics","Cameras","1681.15","886.13","0.37","5686 Perry Rest Apt. 943, Christopherton, WV 48318","Ordinary","2024-05-28","Air (Freight)","Box Large","17.05","South","North Erikachester",2431,NULL,"Home Office","Mrs. Sharon Thomas MD",25,"mrs..sharon.thomas.md@outlook.com","+1-256-959-1533x62206","Female","88350.87"
23956,"2025-02-17","Urgent",10,"Received","Cash","SilentStep Treadmill","Sports","Indoor","186.10","148.58","0.35","4929 Martinez Pine, East Amandaview, MP 07611","Ordinary","2025-03-05","Air (Freight)","Envelope Small","27.24","South","West Jason",59302,5,"Small Business","Elizabeth Kerr",40,"elizabeth.kerr@hotmail.com","(249)389-2603x56885","Male","77508.81"
22486,"2024-10-26","Medium",9,"Received","Cash","Galaxy Pro","Electronics","Mobile Phones","542.78","333.78","0.31","4120 Diane Heights Suite 504, Tarafurt, MO 93559","Ordinary","2024-10-29","Ground","Box Large","29.07","South","North Nicolefurt",71576,NULL,"Consumer","Sandra Miller",69,"sandra.miller@example.com","(437)991-1483x32026","Female","81690.45"
22074,"2024-09-22","Low",5,"Received","Cash","SpinMaster Ball","Sports","Indoor","196.69","137.96","0.31","860 Simpson Road Apt. 657, Patriciashire, PA 92669","Same-Day","2024-10-22","Air (Freight)","Box Medium","20.91","Central","Karenmouth",45694,NULL,"Small Business","Mariah Landry",52,"mariah.landry@example.com","+1-346-807-7547x301","Male","75468.78"
20325,"2024-05-05","Urgent",4,"Received","Cash","Olympus Alpha","Electronics","Cameras","1265.60","944.05","0.10","4553 Campbell Burgs, Hansonside, OK 27736","Express","2024-05-14","Ground","Box Large","35.15","Central","New Julie",17948,2,"Home Office","Brittany Mccall",21,"brittany.mccall@gmail.com","212-303-9104","Male","59195.89"
21043,"2024-07-02","Medium",9,"Received","Cash","IronLift Kettlebell","Sports","Fitness","248.41","147.63","0.05","818 Owens Stream, Stevenbury, SC 14670","Ordinary","2024-07-19","Air (Post)","Box Medium","32.33","Central","Port Jessica",72571,NULL,"Corporate","Makayla Rich",34,"makayla.rich@yahoo.com","001-517-326-2539x74485","Male","63333.56"
21933,"2024-09-11","Low",9,"Received","Cash","SurfaceBook Ultra","Electronics","Laptops","1596.50","1389.45","0.07","043 Scott Corners Apt. 657, Mcbrideland, RI 39893","Express","2024-09-24","Ground","Box Large","31.36","North","Schmidtfurt",66883,NULL,"Home Office","Dawn Zamora",60,"dawn.zamora@gmail.com","576.333.4185","Male","121503.97"
20210,"2024-04-26","High",7,"Received","Cash","BakePro Pan","Home","Kitchen","115.44","103.59","0.15","09076 Mason Gardens Apt. 769, New Troystad, NY 36387","Same-Day","2024-05-19","Air (Post)","Box Large","12.88","West","West Kevin",17860,3,"Small Business","Kathryn Campbell",42,"kathryn.campbell@example.com","293.323.0626x0410","Male","56658.03"
20545,"2024-05-23","Critical",6,"Received","Cash","AmbientGlow Diffuser","Home","Decor","193.98","112.43","0.37","12008 Mark Mountains Apt. 550, Michaelshire, WA 53308","Express","2024-05-28","Air (Post)","Box Large","48.73","North","Brianport",42720,NULL,"Small Business","Cheryl Ball",26,"cheryl.ball@gmail.com","873-706-8793x43414","Female","148379.26"
20115,"2024-04-19","Medium",9,"Received","Cash","Redmi Max","Electronics","Mobile Phones","1032.14","740.69","0.07","USNS Lloyd, FPO AP 63035","Same-Day","2024-05-12","Ground","Box Large","37.29","West","Lake Williamtown",82880,NULL,"Consumer","Samantha Green",36,"samantha.green@yahoo.com","602-698-9845","Female","34063.73"
21065,"2024-07-03","High",6,"Received","Cash","SilentStep DartBoard","Sports","Indoor","389.00","232.84","0.30","PSC 7361, Box 2113, APO AP 31167","Same-Day","2024-08-02","Air (Freight)","Box Medium","29.76","North","Tammieberg",86032,NULL,"Corporate","Monique Sanchez",63,"monique.sanchez@hotmail.com","001-934-529-5765x36957","Male","137370.64"
24565,"2025-04-06","Critical",9,"Shipped","Cash","ModernArt Cushion","Home","Decor","209.18","144.76","0.37","4713 Danny Spur, Rodriguezborough, CO 25350","Ordinary","2025-04-18","Air (Freight)","Box Large","48.72","East","South Kevinbury",6948,NULL,"Corporate","Jennifer Pierce",39,"jennifer.pierce@yahoo.com","880.329.5203x715","Male","52613.08"
20266,"2024-05-01","Urgent",6,"Received","Cash","StrikeForce DartBoard","Sports","Indoor","308.86","155.25","0.42","Unit 6884 Box 9109, DPO AP 10209","Same-Day","2024-05-05","Ground","Envelope Large","16.91","North","North Christopher",46192,2,"Consumer","Melanie Lopez",70,"melanie.lopez@gmail.com","+1-203-894-1980x81038","Male","40909.62"
20976,"2024-06-26","Urgent",1,"Received","Cash","EverTrack Poncho","Sports","Outdoor","529.11","341.72","0.35","7945 Adkins Lake Suite 095, Lake Kristinaside, NY 29067","Same-Day","2024-07-01","Air (Freight)","Box Large","25.56","North","Johnchester",25192,2,"Corporate","Kristine Bonilla",31,"kristine.bonilla@hotmail.com","(458)493-7837x8610","Female","89575.44"
21605,"2024-08-16","Critical",5,"Received","Cash","ComfortHome Shelf","Home","Furniture","1550.88","827.97","0.23","635 Jamie Mission, Troyport, TX 66766","Express","2024-09-15","Ground","Box Large","32.20","West","Lake Josephside",18033,NULL,"Home Office","Heather House MD",60,"heather.house.md@outlook.com","906.524.1644","Female","77602.68"
24770,"2025-04-24","Urgent",8,"Shipped","Cash","Alpine Jeans","Clothing","Men","74.05","50.47","0.29","5943 Zimmerman Summit Suite 196, Andrewstad, MI 58583","Same-Day","2025-05-21","Air (Freight)","Box Large","30.41","South","East Corey",52554,NULL,"Small Business","Maria Carroll",46,"maria.carroll@outlook.com","+1-662-315-7691x7564","Female","88929.78"
23295,"2024-12-31","Critical",7,"Received","Cash","CampPro Tent","Sports","Outdoor","319.04","175.78","0.07","6997 Alvarado Meadow, Lisaberg, CT 56267","Ordinary","2025-01-03","Air (Freight)","Box Large","30.20","Central","East Nancy",69819,2,"Corporate","Victoria Williams",58,"victoria.williams@example.com","+1-584-832-0441x218","Male","72137.66"
23223,"2024-12-26","Urgent",1,"Received","Cash","HomeAura Blanket","Home","Decor","111.74","86.60","0.31","USNV Brown, FPO AP 84318","Express","2025-01-09","Air (Post)","Box Large","22.72","North","Brownland",47652,NULL,"Corporate","Deanna Ramirez",59,"deanna.ramirez@yahoo.com","(796)975-7147x1436","Female","128242.68"
22639,"2024-11-07","High",4,"Received","Cash","LeatherCraft Jacket","Clothing","Men","42.37","29.68","0.08","7334 Kelly Village Apt. 726, Freemanmouth, KY 30707","Ordinary","2024-11-20","Air (Freight)","Box Large","35.41","South","West Kathleen",68637,NULL,"Home Office","Catherine Chapman",38,"catherine.chapman@hotmail.com","7515105111","Female","147484.29"
20023,"2024-04-12","Urgent",10,"Received","Cash","LittleStar Shorts","Clothing","Kids","27.18","19.54","0.33","331 Charlotte Meadow, West Catherinetown, NC 71121","Same-Day","2024-04-15","Air (Post)","Box Large","28.17","Central","Andreaburgh",9824,NULL,"Home Office","Julia Buchanan",25,"julia.buchanan@hotmail.com","001-949-711-0830","Male","131274.55"
24029,"2025-02-23","Urgent",8,"Received","Cash","OakCraft Cabinet","Home","Furniture","1358.31","730.82","0.18","407 Young Ridge Suite 165, North Ruben, NE 20104","Same-Day","2025-03-20","Air (Post)","Box Large","34.65","South","Christopherside",85972,2,"Small Business","Deborah Gross",24,"deborah.gross@example.com","737.288.6905x949","Male","56682.96"
22100,"2024-09-25","Low",7,"Received","Cash","Ricoh ProShot","Electronics","Cameras","1965.73","1641.32","0.09","9469 Hess Summit, Riverachester, IN 65444","Express","2024-10-04","Ground","Box Large","14.64","South","South Donaldfurt",51491,NULL,"Consumer","Miss Danielle Jackson",44,"miss.danielle.jackson@yahoo.com","(443)384-5475","Female","113730.25"
20230,"2024-04-27","Low",9,"Received","Cash","SpinMaster Bike","Sports","Indoor","123.60","96.64","0.06","8974 Gilmore Valleys, South Victorfort, AR 02780","Same-Day","2024-05-11","Air (Post)","Box Large","20.04","West","South Leahview",79347,5,"Consumer","Kimberly Castillo",57,"kimberly.castillo@outlook.com","(821)333-2514","Male","131546.49"
20358,"2024-05-07","Low",5,"Received","Cash","SunShield Bottle","Sports","Outdoor","290.32","259.18","0.23","056 Denise Alley Apt. 800, Richardsonhaven, NH 65645","Same-Day","2024-05-26","Ground","Box Large","22.82","West","Ronaldville",94421,NULL,"Corporate","Stephanie Beck",27,"stephanie.beck@gmail.com","001-439-980-9430","Female","141016.44"
24092,"2025-03-01","Medium",4,"Received","Cash","FunPrint Pajamas","Clothing","Kids","59.15","50.66","0.25","0763 Joshua Village, West Leslieland, TX 27213","Same-Day","2025-03-23","Air (Post)","Box Large","24.59","East","South Nicholas",45648,4,"Consumer","Caitlyn Roberts",47,"caitlyn.roberts@hotmail.com","(648)485-3163","Male","74831.96"
24207,"2025-03-09","Medium",7,"Received","Cash","HappyBear Pajamas","Clothing","Kids","35.48","30.96","0.43","42200 James Garden, Davidtown, HI 26691","Same-Day","2025-03-23","Air (Freight)","Box Small","7.27","South","Port Jeremystad",14616,4,"Home Office","Kathy Smith",29,"kathy.smith@outlook.com","5969239373","Female","139083.51"
20024,"2024-04-12","Critical",10,"Received","Cash","FunPrint Jeans","Clothing","Kids","39.71","34.88","0.37","0551 Wall Corner, Blakeside, NV 06957","Same-Day","2024-05-04","Ground","Box Large","34.12","East","South Jesse",65717,NULL,"Corporate","Michaela Martin",64,"michaela.martin@outlook.com","687-504-1378x619","Female","114847.75"
25180,"2025-05-24","Low",4,"Shipped","Cash","LeatherCraft Pants","Clothing","Men","59.66","49.68","0.26","155 Robinson Mountains Suite 538, East Ianport, CT 14573","Same-Day","2025-05-28","Air (Freight)","Box Large","21.52","Central","Lake Jordanfurt",53994,NULL,"Consumer","Kathleen Sweeney",57,"kathleen.sweeney@example.com","451-708-2046x2340","Female","75089.12"
22438,"2024-10-22","Urgent",9,"Received","Cash","SmartHeat Kettle","Home","Kitchen","153.39","123.05","0.05","5146 Cox Locks, Danielview, VT 42115","Express","2024-11-12","Air (Freight)","Box Large","7.52","Central","South Coreyshire",26121,NULL,"Corporate","Ruth Mckay",58,"ruth.mckay@yahoo.com","734-816-8579x622","Male","39325.91"
20115,"2024-04-19","Medium",6,"Received","Cash","BrightKid Jeans","Clothing","Kids","39.70","22.98","0.05","USNS Lloyd, FPO AP 63035","Same-Day","2024-05-12","Ground","Box Large","37.29","West","Lake Williamtown",82880,NULL,"Consumer","Samantha Green",36,"samantha.green@yahoo.com","602-698-9845","Female","34063.73"
24319,"2025-03-18","Medium",6,"Shipped","Cash","StrikeForce TennisSet","Sports","Indoor","24.26","14.86","0.15","72288 Christopher Cove Apt. 386, South Shawn, WV 72784","Ordinary","2025-04-14","Air (Freight)","Envelope Small","31.27","Central","New Lisahaven",55807,NULL,"Small Business","Susan Mitchell",46,"susan.mitchell@yahoo.com","7315567842","Female","99103.16"
23790,"2025-02-07","Medium",9,"Received","Cash","UrbanLine Sweater","Clothing","Women","73.53","54.00","0.11","512 Cuevas Skyway, East Dennischester, DC 68626","Same-Day","2025-02-28","Air (Freight)","Box Large","34.33","South","New Anna",36683,5,"Consumer","Angela Johnson",28,"angela.johnson@hotmail.com","7984547506","Male","72406.40"
22748,"2024-11-16","Medium",3,"Received","Cash","FlexPro Barbell","Sports","Fitness","261.71","207.17","0.41","USNV Hurley, FPO AE 01588","Ordinary","2024-12-11","Air (Post)","Box Large","40.32","Central","Karenmouth",45694,NULL,"Small Business","Mariah Landry",52,"mariah.landry@example.com","+1-346-807-7547x301","Male","75468.78"
21900,"2024-09-09","Medium",10,"Received","Cash","ModernArt Diffuser","Home","Decor","208.90","149.26","0.14","Unit 6772 Box 0770, DPO AA 35907","Same-Day","2024-09-11","Ground","Box Large","10.25","South","New Lisa",95925,NULL,"Home Office","Elizabeth Miller",39,"elizabeth.miller@gmail.com","(769)943-4566","Female","109654.66"
24226,"2025-03-10","High",3,"Received","Cash","BalanceFit Ball","Sports","Indoor","299.80","260.39","0.17","565 Kelley Rapid, Port Andrew, LA 10687","Same-Day","2025-03-27","Air (Freight)","Box Medium","47.26","East","Crawfordville",48702,NULL,"Home Office","Caitlin Ingram",35,"caitlin.ingram@gmail.com","(458)505-9187x45982","Female","30257.95"
20218,"2024-04-27","Critical",5,"Received","Cash","FujiFilm FotoMark","Electronics","Cameras","825.42","696.77","0.36","09924 Lewis Dam, East Daniel, IL 68386","Ordinary","2024-05-09","Ground","Box Large","29.15","South","Port Joelshire",67354,3,"Consumer","Maureen Mcknight",54,"maureen.mcknight@example.com","+1-489-897-2693x35664","Female","55573.73"
24343,"2025-03-19","Medium",1,"Received","Cash","FlexPro Mat","Sports","Fitness","166.35","107.55","0.38","2200 Marco Street Apt. 877, Lake Erinville, MD 31797","Same-Day","2025-03-28","Air (Post)","Box Large","19.19","Central","East Derekfort",71072,4,"Small Business","Kendra Salinas",34,"kendra.salinas@outlook.com","439-456-2477x13583","Female","79747.60"
23650,"2025-01-27","Critical",2,"Received","Cash","RusticPro Cabinet","Home","Furniture","980.10","831.78","0.28","22540 Tristan Circles Apt. 393, Port Thomasburgh, AS 04477","Same-Day","2025-02-08","Ground","Box Large","20.10","East","Edwardport",74246,NULL,"Home Office","Angela Valdez",38,"angela.valdez@yahoo.com","6722522572","Female","123998.89"
21652,"2024-08-19","Low",3,"Received","Cash","SteelChef Blender","Home","Kitchen","224.75","147.52","0.28","58954 Fox Club, Joanstad, WY 36304","Ordinary","2024-09-01","Ground","Box Large","27.44","South","Davidside",54922,2,"Corporate","Amy Brown",66,"amy.brown@outlook.com","624.370.5979","Male","83606.61"
23098,"2024-12-16","High",9,"Received","Cash","SmartHeat KnifeSet","Home","Kitchen","187.69","144.25","0.23","USNS Thompson, FPO AA 09662","Express","2025-01-07","Ground","Box Large","41.14","Central","Fullerport",52076,5,"Corporate","Mariah Joseph",30,"mariah.joseph@hotmail.com","3748744714","Female","101775.49"
21231,"2024-07-18","Medium",7,"Received","Cash","LittleStar Jeans","Clothing","Kids","29.14","20.79","0.16","095 Hendrix Green, West Markberg, WI 51266","Express","2024-08-17","Air (Freight)","Box Large","14.00","South","Lake Michaelville",80191,NULL,"Corporate","Deborah Martinez",49,"deborah.martinez@example.com","(602)620-7911x78737","Female","132250.23"
20251,"2024-04-29","Critical",6,"Received","Cash","CozyNest Blanket","Home","Decor","202.70","147.78","0.28","98311 Ross Walks Suite 441, Lake Jason, MD 08320","Ordinary","2024-05-16","Air (Post)","Box Large","8.58","Central","Colefurt",80850,NULL,"Home Office","Sabrina Franklin",39,"sabrina.franklin@yahoo.com","728-298-6229","Female","145279.91"
24051,"2025-02-26","Medium",2,"Received","Cash","AquaSport Jacket","Sports","Outdoor","290.30","146.40","0.42","51261 Hartman Squares, Port Barbaraville, WY 62505","Same-Day","2025-03-27","Air (Post)","Box Large","16.82","East","Amyton",63631,NULL,"Corporate","Sierra Weaver",36,"sierra.weaver@example.com","526.659.4621","Female","121855.91"
22425,"2024-10-22","High",4,"Received","Cash","DeepBlue Jacket","Clothing","Men","44.57","31.19","0.46","088 Park Springs Apt. 782, Brooksland, IN 94744","Express","2024-10-23","Ground","Box Large","46.63","North","West Jeanette",76826,NULL,"Consumer","Andrea Massey",57,"andrea.massey@example.com","999-465-8193x9745","Male","104178.59"
22261,"2024-10-08","Critical",2,"Received","Cash","Redmi Pro","Electronics","Mobile Phones","793.14","465.02","0.38","5185 Jennifer Ports Suite 844, Copelandhaven, CO 21086","Same-Day","2024-10-20","Air (Post)","Box Medium","43.70","Central","South Justinberg",96255,NULL,"Home Office","Kimberly Phillips",60,"kimberly.phillips@example.com","001-243-420-4776","Male","73002.04"
22837,"2024-11-24","Critical",9,"Received","Cash","ModernArt Diffuser","Home","Decor","134.14","94.64","0.31","16475 Wright Parkway, Michaelhaven, GA 25408","Same-Day","2024-12-20","Air (Freight)","Box Large","27.32","South","East Jenniferfort",64725,1,"Home Office","Laura Martin",66,"laura.martin@yahoo.com","001-698-206-3802x55956","Male","140401.49"
20344,"2024-05-07","Low",3,"Received","Cash","ProShot DartBoard","Sports","Indoor","273.15","242.94","0.13","PSC 2378, Box 4516, APO AE 58594","Ordinary","2024-05-28","Air (Post)","Box Large","48.17","East","Port Calebbury",99701,NULL,"Corporate","Tamara Brooks",20,"tamara.brooks@example.com","001-988-370-7346","Male","85141.19"
22077,"2024-09-22","High",2,"Received","Cash","CampPro Jacket","Sports","Outdoor","517.39","333.98","0.17","3053 Robert Ranch, Port Eric, OR 55789","Express","2024-09-30","Ground","Box Large","32.55","South","Danaburgh",26020,3,"Corporate","Lynn Arellano",19,"lynn.arellano@outlook.com","(909)698-5790","Male","93658.35"
21291,"2024-07-23","Medium",3,"Received","Cash","SteelChef Tray","Home","Kitchen","226.75","128.89","0.07","01694 Adam Causeway Apt. 412, Johnsontown, TN 33700","Same-Day","2024-08-03","Air (Post)","Box Large","22.70","South","Lake Kevintown",63680,5,"Home Office","Emily Moreno",32,"emily.moreno@outlook.com","226-573-7557","Female","108165.83"
22114,"2024-09-26","High",6,"Received","Cash","SmartHeat Kettle","Home","Kitchen","118.09","80.02","0.10","60575 Brianna Island, New Derek, DC 82477","Express","2024-10-19","Ground","Box Large","36.36","West","South Ronald",75837,NULL,"Home Office","Yvonne Ortiz",25,"yvonne.ortiz@outlook.com","(303)817-0011x47265","Female","134606.28"
21678,"2024-08-22","Low",6,"Received","Cash","SilentStep DartBoard","Sports","Indoor","271.22","188.05","0.20","7273 Stephanie Extensions Suite 912, East Paigeport, CA 14509","Ordinary","2024-09-14","Air (Freight)","Box Large","45.54","North","Port Mike",95529,NULL,"Small Business","Katie Sanchez",30,"katie.sanchez@example.com","001-760-561-2955x18838","Male","70868.34"
24325,"2025-03-18","High",5,"Shipped","Cash","GreenLeaf Blanket","Home","Decor","174.95","111.50","0.45","1144 Daniel Extension, Christineside, NY 31407","Express","2025-04-08","Ground","Box Large","18.54","North","Mossmouth",75173,NULL,"Home Office","Susan Lyons",33,"susan.lyons@outlook.com","+1-939-617-3998","Female","58081.04"
23045,"2024-12-12","High",9,"Received","Cash","PixelOne Prime","Electronics","Mobile Phones","636.59","474.70","0.44","282 Gomez Streets Suite 366, North Cynthiaburgh, DC 54935","Ordinary","2024-12-31","Air (Freight)","Box Large","5.94","West","Patrickberg",97754,NULL,"Consumer","Yesenia Martinez",60,"yesenia.martinez@hotmail.com","277-533-2185x11862","Female","124225.79"
20442,"2024-05-15","Low",9,"Received","Cash","CardioMax Band","Sports","Fitness","150.35","134.23","0.17","4876 Dana Roads, Jonesview, NM 20498","Express","2024-06-09","Ground","Box Medium","36.42","North","North Matthew",17144,NULL,"Corporate","Patricia Rivera",64,"patricia.rivera@gmail.com","913.811.9821","Female","42506.60"
21271,"2024-07-21","Low",4,"Received","Cash","Alpine Shorts","Clothing","Men","75.48","51.09","0.31","5911 Reilly Fort Suite 558, Hensonborough, NV 93976","Same-Day","2024-08-03","Air (Post)","Box Large","35.63","Central","New Thomas",96068,NULL,"Corporate","Laura Hudson",59,"laura.hudson@gmail.com","001-560-951-6850x11499","Female","83816.18"
21678,"2024-08-22","Low",2,"Received","Cash","KitchenPro Blender","Home","Kitchen","216.24","139.96","0.13","7273 Stephanie Extensions Suite 912, East Paigeport, CA 14509","Ordinary","2024-09-14","Air (Freight)","Box Large","45.54","North","Port Mike",95529,NULL,"Small Business","Katie Sanchez",30,"katie.sanchez@example.com","001-760-561-2955x18838","Male","70868.34"
23486,"2025-01-15","Urgent",9,"Received","Cash","MiniExplorer Jeans","Clothing","Kids","38.47","24.51","0.45","12190 Jacqueline Mountain Suite 232, South Lorichester, WY 31030","Same-Day","2025-02-03","Air (Post)","Box Large","32.33","North","South Sarah",89983,NULL,"Consumer","Catherine Griffith",44,"catherine.griffith@gmail.com","846.662.0474x283","Male","91506.24"
21395,"2024-07-31","Medium",10,"Received","Cash","PowerDrive Barbell","Sports","Fitness","184.59","128.15","0.24","Unit 2535 Box 8104, DPO AA 40189","Express","2024-08-06","Ground","Box Large","46.95","North","South Erinstad",77220,NULL,"Small Business","Helen Tapia",45,"helen.tapia@outlook.com","866-500-6724","Male","123031.02"
23201,"2024-12-24","High",7,"Received","Cash","ProShot Board","Sports","Indoor","257.85","213.20","0.40","PSC 1422, Box 1132, APO AA 41139","Express","2025-01-05","Air (Post)","Box Large","10.75","East","New Matthewfort",64882,NULL,"Home Office","Haley Fletcher",19,"haley.fletcher@yahoo.com","(253)606-7633x358","Female","60820.57"
24569,"2025-04-07","Critical",5,"Shipped","Cash","WinterCozy Blouse","Clothing","Women","124.46","81.11","0.25","91881 Brown Branch Apt. 492, Pricemouth, CT 56141","Same-Day","2025-04-11","Air (Freight)","Box Large","11.47","West","East Christopher",78099,NULL,"Corporate","Brittany Weaver",39,"brittany.weaver@hotmail.com","001-405-371-1877x11236","Male","111377.29"
24622,"2025-04-11","Critical",9,"Shipped","Cash","AquaSport Bottle","Sports","Outdoor","451.44","370.90","0.02","USCGC Fitzgerald, FPO AA 87699","Express","2025-05-09","Ground","Box Large","7.73","North","Bradleystad",79621,NULL,"Consumer","Mariah Crawford",62,"mariah.crawford@example.com","(976)886-5078","Male","43265.79"
20125,"2024-04-20","Medium",9,"Received","Cash","WindGuard Jacket","Sports","Outdoor","223.59","122.48","0.20","4882 Michaela Landing, Davidmouth, CA 12532","Ordinary","2024-05-12","Air (Post)","Box Large","49.95","West","North Tamara",83146,NULL,"Small Business","Heather Lawson",29,"heather.lawson@hotmail.com","001-307-672-8231","Female","65969.60"
23219,"2024-12-25","Medium",4,"Received","Cash","KitchenPro Blender","Home","Kitchen","148.97","116.49","0.38","247 Harvey Forges, North David, AK 67477","Same-Day","2025-01-24","Ground","Box Large","39.64","North","Lake Michaelmouth",34409,NULL,"Consumer","Natalie Brown",33,"natalie.brown@yahoo.com","760-853-0449x76498","Female","52383.33"
24639,"2025-04-13","Urgent",3,"Shipped","Cash","UrbanLine Leggings","Clothing","Women","82.03","57.37","0.46","415 Rodriguez Oval Apt. 455, New Dorothy, ND 60341","Ordinary","2025-04-16","Air (Freight)","Box Large","22.35","South","Moralesview",26609,NULL,"Corporate","Michele Bell",45,"michele.bell@example.com","561-459-4048x92220","Female","127672.21"
21636,"2024-08-18","Critical",4,"Received","Cash","AmbientGlow Blanket","Home","Decor","301.44","267.62","0.23","297 Barnes Ville Apt. 788, Melissaside, ND 21620","Ordinary","2024-09-17","Air (Post)","Box Large","22.98","East","North Juliabury",1064,NULL,"Consumer","Pamela Craig",31,"pamela.craig@yahoo.com","574.299.9767x6305","Female","104789.16"
22241,"2024-10-07","Medium",1,"Received","Cash","Canon Visio","Electronics","Cameras","1101.42","585.65","0.24","USS Brown, FPO AE 40182","Same-Day","2024-10-30","Air (Freight)","Box Large","23.81","West","Samanthaport",42511,5,"Home Office","Diane Roberts",20,"diane.roberts@hotmail.com","625.423.9074","Male","61399.62"
23743,"2025-02-04","Urgent",5,"Received","Cash","LittleStar Tee","Clothing","Kids","51.59","30.46","0.12","5650 Taylor Motorway, Drakeshire, CO 18986","Express","2025-02-28","Air (Freight)","Box Large","7.02","West","Rollinsfort",3348,5,"Corporate","Kristy Sullivan",60,"kristy.sullivan@outlook.com","7426387382","Male","66490.57"
22535,"2024-10-30","Low",5,"Received","Cash","RusticPro Table","Home","Furniture","781.58","613.16","0.09","125 Cheryl Knoll, East Joshuaborough, WA 89614","Express","2024-11-26","Air (Post)","Box Large","49.53","North","Mortonland",4935,5,"Home Office","Brittney Barron",42,"brittney.barron@outlook.com","895-895-0946x90782","Female","129698.28"
24940,"2025-05-06","Medium",3,"Shipped","Cash","ZenPhone S","Electronics","Mobile Phones","1073.03","618.77","0.48","3814 Sean Plaza Suite 816, Bryantfort, NC 34127","Same-Day","2025-05-16","Air (Post)","Box Large","13.02","East","Port David",19554,NULL,"Home Office","Samantha Thornton",44,"samantha.thornton@outlook.com","001-575-785-7773x0881","Male","108957.98"
21459,"2024-08-05","Critical",9,"Received","Cash","CardioMax Barbell","Sports","Fitness","129.64","65.44","0.04","4791 Mcdonald Walks, New Karenbury, MT 20538","Express","2024-09-01","Ground","Box Medium","27.08","East","South Christopher",66733,3,"Consumer","Susan Pope MD",23,"susan.pope.md@outlook.com","974-217-7277x77164","Female","61247.93"
24828,"2025-04-29","Medium",6,"Shipped","Cash","MotoEdge Nova","Electronics","Mobile Phones","650.98","549.52","0.00","8012 Jackson Ridge Apt. 437, Pricefort, NY 24392","Ordinary","2025-05-25","Ground","Box Medium","9.99","East","Reevesmouth",61541,NULL,"Corporate","Kathy Hawkins",29,"kathy.hawkins@gmail.com","+1-818-448-1830","Female","131206.56"
22955,"2024-12-03","Low",4,"Received","Cash","MotoEdge Pro","Electronics","Mobile Phones","818.86","611.72","0.23","2282 Eugene Harbors Suite 351, Grossville, WI 25347","Same-Day","2024-12-29","Air (Freight)","Envelope Small","8.86","East","Lake James",54374,NULL,"Consumer","Stacey Acosta",49,"stacey.acosta@example.com","966.716.1572","Male","68025.76"
22391,"2024-10-19","Medium",7,"Received","Cash","Nokia Pro","Electronics","Mobile Phones","993.33","552.34","0.46","Unit 7639 Box 5602, DPO AE 47019","Ordinary","2024-11-04","Air (Freight)","Box Large","33.52","North","South Saraberg",59154,NULL,"Small Business","Kayla Thornton",67,"kayla.thornton@yahoo.com","3516979367","Female","40892.04"
20561,"2024-05-25","High",4,"Received","Cash","SpinMaster Board","Sports","Indoor","377.90","300.71","0.18","4589 Sherri Mission Apt. 979, Victoriastad, WI 57931","Express","2024-06-10","Ground","Box Medium","20.73","Central","Bethanytown",58961,NULL,"Corporate","Joy King",69,"joy.king@hotmail.com","(910)275-4347x496","Female","50189.40"
20781,"2024-06-11","Critical",2,"Received","Cash","PureScent Frame","Home","Decor","104.38","69.45","0.38","2398 Zoe Point, West Cherylberg, AS 38597","Same-Day","2024-06-21","Ground","Box Large","22.05","North","Lake Damonland",10896,NULL,"Corporate","Sarah Love",37,"sarah.love@gmail.com","+1-923-696-3215","Male","32310.42"
20061,"2024-04-15","Low",9,"Received","Cash","Sony FocusX","Electronics","Cameras","1674.41","1449.81","0.31","04064 Barnes Extension, Angelatown, PR 43831","Express","2024-05-11","Ground","Box Large","49.26","East","Danielberg",55595,NULL,"Corporate","Jennifer Turner",45,"jennifer.turner@gmail.com","616.311.7962","Female","31705.08"
22498,"2024-10-28","Medium",3,"Received","Cash","ModernArt Cushion","Home","Decor","205.91","138.95","0.11","50769 Jennifer Gardens Apt. 319, Johnsonmouth, CA 33991","Express","2024-10-31","Air (Post)","Box Large","32.16","Central","Santosview",17618,NULL,"Consumer","Sara Walker",38,"sara.walker@outlook.com","+1-273-740-2299x08399","Male","103719.09"
20186,"2024-04-24","Low",6,"Received","Cash","SportFlex Shirt","Clothing","Men","93.82","53.44","0.14","0727 Kyle Manors Apt. 894, New Christophermouth, OH 93598","Same-Day","2024-04-30","Ground","Box Medium","25.41","North","South Christopher",52708,3,"Home Office","Cathy Gray",27,"cathy.gray@gmail.com","(207)486-9916x5420","Male","63207.35"
22630,"2024-11-07","Critical",5,"Received","Cash","MacBook Vision","Electronics","Laptops","2101.52","1414.30","0.32","627 Kelly Islands Suite 560, East Williammouth, AK 53979","Ordinary","2024-11-16","Air (Freight)","Box Medium","33.35","Central","South Debra",41157,NULL,"Small Business","Melanie Gonzalez",46,"melanie.gonzalez@outlook.com","351-564-4061x024","Male","56822.48"
22762,"2024-11-17","Urgent",9,"Received","Cash","FlexiWork Cabinet","Home","Furniture","767.86","484.08","0.20","451 Gray Row, Jenniferside, ND 88678","Express","2024-12-05","Air (Post)","Box Large","11.18","West","North Kyleport",26132,3,"Consumer","Joan Ellis",39,"joan.ellis@yahoo.com","(462)838-4775","Female","135759.58"
20954,"2024-06-24","Medium",6,"Received","Cash","FunPrint Shoes","Clothing","Kids","38.94","28.72","0.09","6362 Rachel Terrace Apt. 233, Odonnelltown, WI 79002","Ordinary","2024-06-30","Ground","Box Large","48.01","East","Michaelburgh",76905,NULL,"Small Business","Jessica Williams",20,"jessica.williams@outlook.com","617.271.2989","Female","118014.81"
22788,"2024-11-20","High",9,"Received","Cash","SoftWeave Dress","Clothing","Women","59.33","36.34","0.34","5584 Kathleen Ridge Suite 405, Ashleyview, NC 63159","Same-Day","2024-12-07","Ground","Box Large","20.71","North","Lake Megan",62853,NULL,"Corporate","Crystal Goodwin",48,"crystal.goodwin@yahoo.com","286-374-0311x425","Male","120533.44"
22705,"2024-11-13","High",4,"Received","Cash","FlexiWork Table","Home","Furniture","624.98","479.98","0.18","147 Gregory Meadow, Nguyenport, MT 42087","Ordinary","2024-11-22","Ground","Box Large","36.88","West","Lake Alexandra",43724,NULL,"Consumer","Taylor Webb",40,"taylor.webb@hotmail.com","001-245-684-9432x922","Female","34195.90"
21126,"2024-07-08","Critical",7,"Received","Cash","FlexiWork Shelf","Home","Furniture","981.29","644.32","0.31","24808 James Road Suite 643, Torresville, UT 98573","Same-Day","2024-07-23","Air (Freight)","Box Large","22.94","West","Port Carolhaven",56131,5,"Home Office","Holly Smith",60,"holly.smith@outlook.com","623.453.5190x757","Male","70119.41"
21119,"2024-07-08","Urgent",8,"Received","Cash","SatinLuxe Dress","Clothing","Women","83.41","56.62","0.41","4253 Cohen Crest Suite 789, Patriciaberg, SC 98859","Same-Day","2024-07-30","Ground","Box Medium","30.80","East","Langborough",88911,NULL,"Corporate","Christina Brown",50,"christina.brown@yahoo.com","001-511-608-1107x08608","Female","149784.87"
21585,"2024-08-15","High",5,"Received","Cash","SoftCloud Pajamas","Clothing","Kids","32.70","16.76","0.40","7805 Deborah Villages, Andersonchester, ND 26866","Ordinary","2024-09-12","Air (Post)","Box Large","19.50","North","New Brandon",15399,4,"Consumer","Sharon Hodge",18,"sharon.hodge@example.com","628.970.0710","Female","42706.56"
20729,"2024-06-07","Urgent",4,"Received","Cash","AmbientGlow Plant","Home","Decor","259.99","141.32","0.20","Unit 4009 Box 9482, DPO AA 80996","Express","2024-07-06","Air (Post)","Box Medium","8.46","Central","Cummingsfort",84073,NULL,"Corporate","Katherine Martinez",40,"katherine.martinez@hotmail.com","001-259-261-5057x218","Female","53885.59"
21404,"2024-07-31","High",10,"Received","Cash","FlexiWork Cabinet","Home","Furniture","1218.48","783.37","0.10","Unit 6870 Box 9766, DPO AA 40922","Ordinary","2024-08-05","Air (Post)","Box Large","17.94","West","New Calvinshire",55310,4,"Consumer","Melissa Briggs",61,"melissa.briggs@example.com","641.415.9851x5258","Male","125240.33"
21472,"2024-08-06","High",10,"Received","Cash","ModernWear Shorts","Clothing","Men","76.44","52.60","0.21","10935 Derrick Shoals, North Jaytown, HI 51152","Ordinary","2024-08-15","Air (Freight)","Box Large","45.29","West","East Micheal",12334,4,"Home Office","Jill Shannon",57,"jill.shannon@gmail.com","001-505-243-7243x5958","Male","112140.84"
21772,"2024-08-30","Low",3,"Received","Cash","TrailBlazer Bottle","Sports","Outdoor","359.87","197.39","0.40","3505 Simon Hollow Suite 296, Lake Stephenborough, MD 54435","Express","2024-09-15","Air (Post)","Box Large","7.74","South","Karenview",47672,NULL,"Home Office","Cynthia Nicholson",23,"cynthia.nicholson@example.com","+1-890-263-3480x2800","Female","98822.47"
23619,"2025-01-25","Critical",1,"Received","Cash","MotoEdge Ultra","Electronics","Mobile Phones","918.60","597.34","0.39","98490 Taylor Parks Apt. 015, New John, NM 31355","Express","2025-02-18","Ground","Bubble Envelope Large","17.49","Central","East Angela",19738,NULL,"Home Office","Lisa Jones",53,"lisa.jones@hotmail.com","+1-774-793-1782","Male","88127.53"
22282,"2024-10-10","Urgent",9,"Received","Cash","ProShot DartBoard","Sports","Indoor","211.08","154.95","0.03","81563 Miller Corners, Lopezfurt, TN 30114","Ordinary","2024-11-04","Air (Freight)","Box Large","27.08","South","Davidside",54922,NULL,"Corporate","Amy Brown",66,"amy.brown@outlook.com","624.370.5979","Male","83606.61"
22487,"2024-10-26","Critical",2,"Received","Cash","FlexBook Creator","Electronics","Laptops","1590.08","1189.41","0.37","3999 George Underpass Suite 950, Beverlyborough, VT 76658","Ordinary","2024-11-10","Ground","Box Large","22.99","East","North Melissa",15672,NULL,"Home Office","Melissa Peters",40,"melissa.peters@hotmail.com","001-840-444-5288x42020","Female","79448.36"
20064,"2024-04-15","Urgent",5,"Received","Cash","BalanceFit DartBoard","Sports","Indoor","243.00","177.96","0.05","1463 Gerald Roads Suite 623, Monicastad, VI 49021","Same-Day","2024-05-11","Air (Post)","Box Large","28.70","West","Ashleystad",11370,NULL,"Small Business","Felicia Miller",49,"felicia.miller@yahoo.com","510-789-8137x44214","Female","118017.92"
22412,"2024-10-21","Low",6,"Received","Cash","HappyBear Sweater","Clothing","Kids","42.19","31.27","0.16","52486 John Isle Suite 862, Leahshire, NV 88914","Express","2024-11-08","Air (Post)","Box Large","32.74","East","Port Jeremy",53316,4,"Home Office","Kelly Poole",30,"kelly.poole@outlook.com","+1-955-312-7323","Male","135019.13"
22877,"2024-11-26","Medium",9,"Received","Cash","KitchenPro Cookware","Home","Kitchen","117.99","99.96","0.00","03276 Fleming Rue Suite 986, Anthonyshire, MD 32260","Ordinary","2024-12-25","Air (Post)","Box Large","32.56","Central","Mendozamouth",15605,5,"Small Business","Terri Brooks",34,"terri.brooks@outlook.com","651-761-6241x29984","Female","45149.32"
21191,"2024-07-14","Low",2,"Received","Cash","HomeEase Kettle","Home","Kitchen","115.45","66.61","0.26","565 Mary Fort, Wrightfurt, OK 75748","Same-Day","2024-08-02","Ground","Box Small","18.01","South","Marksville",51176,1,"Home Office","Tracey Hall",25,"tracey.hall@gmail.com","679-639-1149","Female","125105.63"
21779,"2024-08-30","High",6,"Received","Cash","TrailBlazer Jacket","Sports","Outdoor","154.31","105.53","0.31","542 Ellison Extensions Apt. 537, Davishaven, NY 01075","Same-Day","2024-09-10","Ground","Box Large","14.92","West","Melissaport",64798,NULL,"Corporate","April Barton",64,"april.barton@example.com","001-520-289-2040x1119","Female","33849.84"
20688,"2024-06-03","High",8,"Received","Cash","SunShield Jacket","Sports","Outdoor","411.58","366.07","0.23","7403 Amber Walks Apt. 125, Lindseyberg, VA 73670","Express","2024-06-18","Ground","Box Large","48.04","East","Kaiserborough",9021,NULL,"Consumer","Kendra Morgan",66,"kendra.morgan@yahoo.com","+1-555-242-0421x46180","Male","105232.18"
23658,"2025-01-28","High",5,"Received","Cash","SpinMaster DartBoard","Sports","Indoor","373.35","282.16","0.27","43810 Matthew Turnpike, West Angela, DC 75222","Ordinary","2025-02-24","Air (Post)","Box Large","19.97","Central","Port Kathleen",8115,3,"Home Office","Morgan Werner",34,"morgan.werner@gmail.com","+1-780-968-0123x26155","Male","80661.98"
20324,"2024-05-05","Medium",7,"Received","Cash","PowerDrive Rope","Sports","Fitness","158.93","112.45","0.50","Unit 2236 Box 1510, DPO AA 82038","Same-Day","2024-05-28","Air (Post)","Box Medium","38.30","South","New Kirkside",50634,2,"Consumer","Dorothy Gray",66,"dorothy.gray@yahoo.com","880-669-2001x88811","Male","31052.95"
20310,"2024-05-04","Medium",3,"Received","Cash","OnePlus Pro","Electronics","Mobile Phones","919.77","572.41","0.20","986 Amber Crescent Suite 426, West Christopher, ME 64067","Ordinary","2024-05-27","Air (Post)","Box Large","9.41","South","East Melinda",66813,NULL,"Corporate","Haley Rodriguez",56,"haley.rodriguez@example.com","992-921-0365x586","Male","59206.75"
22785,"2024-11-20","Urgent",8,"Received","Cash","HomeEase Cookware","Home","Kitchen","51.02","35.10","0.24","98786 Alicia Station, Deborahmouth, AZ 60241","Same-Day","2024-12-04","Ground","Box Small","44.09","Central","Thompsonberg",49201,NULL,"Small Business","Michelle Roberson",25,"michelle.roberson@outlook.com","901-768-2364","Female","78372.26"
23571,"2025-01-21","Critical",2,"Received","Cash","HomeEase Juicer","Home","Kitchen","192.97","136.76","0.12","49935 Webb Trail Suite 548, Port Adam, NM 90838","Express","2025-02-19","Ground","Box Large","5.21","East","Robertsonshire",90271,NULL,"Home Office","Brenda Clark",45,"brenda.clark@outlook.com","766.516.6408","Male","149783.57"
22487,"2024-10-26","Critical",2,"Received","Cash","EverTrack Bag","Sports","Outdoor","465.45","242.51","0.46","3999 George Underpass Suite 950, Beverlyborough, VT 76658","Ordinary","2024-11-10","Ground","Box Large","22.99","East","North Melissa",15672,4,"Home Office","Melissa Peters",40,"melissa.peters@hotmail.com","001-840-444-5288x42020","Female","79448.36"
21739,"2024-08-28","High",9,"Received","Cash","FlexBook Studio","Electronics","Laptops","1334.20","726.50","0.12","0627 Jeffrey Unions Apt. 722, Dianestad, CO 39249","Express","2024-09-14","Air (Post)","Box Large","28.00","North","South Robert",15382,NULL,"Consumer","Danielle Green",29,"danielle.green@outlook.com","4313918885","Male","33590.14"
21335,"2024-07-27","Critical",3,"Received","Cash","SteelChef KnifeSet","Home","Kitchen","168.03","87.32","0.37","696 Michael Gateway, Port Patrickport, CO 44117","Ordinary","2024-07-29","Air (Post)","Envelope Small","23.92","West","Wilsonmouth",18090,NULL,"Corporate","Karen Decker",39,"karen.decker@yahoo.com","+1-510-333-0376x39865","Female","114757.71"
24774,"2025-04-24","High",6,"Shipped","Cash","OakCraft Stool","Home","Furniture","561.09","327.20","0.37","68009 Ryan Shore Apt. 920, South John, AL 64543","Same-Day","2025-05-14","Ground","Box Large","16.17","South","North Johnhaven",5258,NULL,"Home Office","Julia Duran",24,"julia.duran@yahoo.com","672-296-3183x22631","Male","65081.09"
25260,"2025-05-31","High",6,"Pending Payment","Cash","UrbanFit Shirt","Clothing","Men","62.19","31.64","0.42","USNS Green, FPO AE 90384","Ordinary","2025-06-30","Air (Post)","Box Large","9.85","South","Jessicaburgh",93725,NULL,"Home Office","Taylor Johnson",58,"taylor.johnson@hotmail.com","314.405.4144","Male","39366.89"
20010,"2024-04-11","Medium",4,"Received","Cash","SportFlex Shorts","Clothing","Men","40.65","34.21","0.47","505 Harris Forks Suite 850, New Anna, MO 37192","Express","2024-05-09","Ground","Box Large","35.66","West","Lake Lisa",62495,5,"Small Business","Linda Dyer",50,"linda.dyer@hotmail.com","+1-625-224-4301x949","Male","96587.18"
24774,"2025-04-24","High",7,"Shipped","Cash","MiniExplorer Hoodie","Clothing","Kids","27.43","22.99","0.18","68009 Ryan Shore Apt. 920, South John, AL 64543","Same-Day","2025-05-14","Ground","Box Large","16.17","South","North Johnhaven",5258,NULL,"Home Office","Julia Duran",24,"julia.duran@yahoo.com","672-296-3183x22631","Male","65081.09"
21155,"2024-07-11","Critical",4,"Received","Cash","ComfortHome Cabinet","Home","Furniture","1554.65","833.87","0.09","91935 Richard Expressway, Ericatown, PW 94769","Express","2024-07-26","Air (Freight)","Box Large","6.71","Central","North Jasmineview",98562,1,"Small Business","Kimberly Smith",47,"kimberly.smith@hotmail.com","381.790.6693x9554","Male","92678.95"
21760,"2024-08-29","Critical",8,"Received","Cash","KitchenPro KnifeSet","Home","Kitchen","111.82","58.25","0.20","03464 Holland Port, North Douglas, GU 94066","Same-Day","2024-09-26","Ground","Box Large","34.50","West","New Nicholasside",74889,NULL,"Corporate","Briana Thompson",58,"briana.thompson@gmail.com","(718)650-5706","Female","104271.05"
23105,"2024-12-16","Medium",10,"Received","Cash","Canon Visio","Electronics","Cameras","1404.16","1194.17","0.48","076 Jacobson Plaza Apt. 051, West Natalieborough, TX 85853","Same-Day","2024-12-23","Air (Post)","Box Large","8.88","Central","Colefurt",80850,1,"Home Office","Sabrina Franklin",39,"sabrina.franklin@yahoo.com","728-298-6229","Female","145279.91"
24292,"2025-03-15","Urgent",6,"Received","Cash","WinterCozy Cardigan","Clothing","Women","86.46","59.33","0.40","PSC 3269, Box 0264, APO AP 88382","Ordinary","2025-03-26","Ground","Box Large","15.90","South","East Danielview",13849,1,"Small Business","Tracy Ryan",56,"tracy.ryan@gmail.com","(500)931-9358x9060","Male","54314.08"
20024,"2024-04-12","Critical",9,"Received","Cash","NitroBlade Prime","Electronics","Laptops","1644.44","1434.00","0.04","0551 Wall Corner, Blakeside, NV 06957","Same-Day","2024-05-04","Ground","Box Large","34.12","East","South Jesse",65717,NULL,"Corporate","Michaela Martin",64,"michaela.martin@outlook.com","687-504-1378x619","Female","114847.75"
22390,"2024-10-19","Medium",3,"Received","Cash","TrailBlazer Poncho","Sports","Outdoor","309.99","193.96","0.31","PSC 3568, Box 5771, APO AA 99146","Express","2024-11-06","Air (Freight)","Box Large","14.52","East","Jeremychester",98101,NULL,"Consumer","Michelle Pena",41,"michelle.pena@gmail.com","303-556-8303","Female","78164.53"
22374,"2024-10-18","Low",3,"Received","Cash","Rainbow Shoes","Clothing","Kids","17.54","8.82","0.31","528 Roberts Rapids, North Kennethchester, MO 07395","Ordinary","2024-11-01","Air (Freight)","Box Large","35.00","East","North Derrickchester",14272,NULL,"Small Business","Karen Steele",37,"karen.steele@outlook.com","588.871.4498","Male","143057.08"
23873,"2025-02-12","Low",1,"Received","Cash","NitroBlade Vision","Electronics","Laptops","1869.05","1469.38","0.42","335 Amber Pass, West Jessicaville, LA 13545","Express","2025-02-23","Air (Post)","Box Large","34.84","North","Port Dianetown",87077,NULL,"Home Office","Tina Estrada",25,"tina.estrada@gmail.com","562-580-0054","Female","116625.75"
21882,"2024-09-08","Medium",6,"Received","Cash","Nikon FocusX","Electronics","Cameras","1082.09","844.76","0.30","42089 Rodriguez Wells, Ortizstad, MP 15428","Same-Day","2024-10-04","Air (Freight)","Box Medium","39.83","South","Austinmouth",57642,NULL,"Small Business","Valerie Duke",56,"valerie.duke@outlook.com","001-373-447-5724","Female","39901.98"
21680,"2024-08-22","Medium",6,"Received","Cash","FlexiWork Stool","Home","Furniture","1242.97","919.25","0.40","41732 Poole Tunnel, Colleenton, OK 71656","Ordinary","2024-08-24","Air (Post)","Box Large","11.97","Central","Dawnfurt",20774,NULL,"Corporate","Brittany Crane",41,"brittany.crane@gmail.com","(400)907-3596x019","Male","79608.94"
22890,"2024-11-27","High",4,"Received","Cash","HappyBear Pajamas","Clothing","Kids","54.25","36.92","0.07","USCGC Wilkerson, FPO AA 84800","Express","2024-12-16","Air (Post)","Box Large","23.08","North","New Lawrencefort",92086,NULL,"Home Office","Jessica Schroeder",19,"jessica.schroeder@example.com","929.984.0691x757","Female","68735.38"
21585,"2024-08-15","High",9,"Received","Cash","ThinkBook Pro","Electronics","Laptops","710.23","550.01","0.09","7805 Deborah Villages, Andersonchester, ND 26866","Ordinary","2024-09-12","Air (Post)","Box Large","19.50","North","New Brandon",15399,NULL,"Consumer","Sharon Hodge",18,"sharon.hodge@example.com","628.970.0710","Female","42706.56"
22977,"2024-12-06","High",3,"Received","Cash","Canon SnapLuxe","Electronics","Cameras","1801.12","1158.51","0.03","344 Robert Fields Apt. 738, Jonathanchester, KY 65772","Ordinary","2024-12-17","Ground","Box Large","26.97","East","South Diana",1796,NULL,"Consumer","Sharon Fletcher",32,"sharon.fletcher@example.com","(913)487-6689x60696","Female","91111.02"
20688,"2024-06-03","High",4,"Received","Cash","CampPro Stove","Sports","Outdoor","390.02","230.11","0.23","7403 Amber Walks Apt. 125, Lindseyberg, VA 73670","Express","2024-06-18","Ground","Box Large","48.04","East","Kaiserborough",9021,2,"Consumer","Kendra Morgan",66,"kendra.morgan@yahoo.com","+1-555-242-0421x46180","Male","105232.18"
22431,"2024-10-22","Medium",3,"Received","Cash","BrightKid Shoes","Clothing","Kids","52.33","46.16","0.34","0506 Martin Wall Suite 883, Ramirezfurt, HI 90693","Express","2024-11-20","Ground","Box Medium","16.89","North","Elizabethbury",1948,4,"Corporate","Julie Miles",54,"julie.miles@hotmail.com","(308)657-3590","Male","107154.40"
24913,"2025-05-05","Low",4,"Pending Payment","Cash","MacBook Studio","Electronics","Laptops","1542.06","1036.39","0.41","8461 Brenda Expressway, North Catherine, AK 97889","Express","2025-06-03","Air (Freight)","Box Large","40.05","North","Henrytown",58389,NULL,"Home Office","Isabel Williams",67,"isabel.williams@outlook.com","001-425-516-1519","Male","119730.93"
21101,"2024-07-07","High",4,"Received","Cash","ComfortFit Blouse","Clothing","Women","74.17","62.14","0.34","323 Anderson Underpass Suite 989, East Corey, GU 46571","Ordinary","2024-07-21","Ground","Box Large","5.16","West","North Danielland",39116,NULL,"Consumer","Abigail Miller",27,"abigail.miller@yahoo.com","5689322806","Female","131878.31"
